﻿<?xml version="1.0" encoding="utf-8"?>
<component format="1" id="signature-pad" is-shell="true">
  <name>Signature Pad for Xamarin and Windows</name>
  <publisher>Xamarin, Inc.</publisher>
  <publisher-url>http://xamarin.com/</publisher-url>
  <src-url>https://github.com/xamarin/SignaturePad</src-url>
  <version>2.2.0</version>
  <summary>Makes capturing, saving, and displaying signatures extremely simple.</summary>
  <packages>
    <package id="Xamarin.Controls.SignaturePad" version="2.2.0" framework="win8" />
    <package id="Xamarin.Controls.SignaturePad" version="2.2.0" framework="android" />
    <package id="Xamarin.Controls.SignaturePad" version="2.2.0" framework="wpa81" />
    <package id="Xamarin.Controls.SignaturePad" version="2.2.0" framework="ios-unified" />
    <package id="Xamarin.Controls.SignaturePad" version="2.2.0" framework="wp8" />
    <package id="Xamarin.Controls.SignaturePad" version="2.2.0" framework="winrt" />
    <package id="Xamarin.Controls.SignaturePad" version="2.2.0" framework="uwp" />
  </packages>
  <screenshots>
    <img src="screenshots/signature-ios.jpg" title="signature-ios" />
  </screenshots>
  <samples>
    <sample id="Sample.Android">
      <name>Android Sample</name>
      <summary>Android Sample</summary>
    </sample>
    <sample id="Sample.iOS">
      <name>iOS Sample</name>
      <summary>iOS Sample</summary>
    </sample>
    <sample id="Sample.WP8">
      <name>Windows Phone Sample</name>
      <summary>Windows Phone Sample</summary>
    </sample>
    <sample id="Sample.UWP">
      <name>UWP Sample</name>
      <summary>UWP Sample</summary>
    </sample>
    <sample id="Sample.WindowsPhone81">
      <name>Windows Phone 8.1 Sample</name>
      <summary>Windows Phone 8.1 Sample</summary>
    </sample>
    <sample id="Sample.Windows81">
      <name>Windows 8.1 Sample</name>
      <summary>Windows 8.1 Sample</summary>
    </sample>
    <sample id="Sample.WindowsRuntime81">
      <name>Windows 8.1 Universal Sample</name>
      <summary>Windows 8.1 Universal Sample</summary>
    </sample>
    <sample id="Sample.Forms">
      <name>Xamarin.Forms Sample</name>
      <summary>Xamarin.Forms Sample</summary>
    </sample>
  </samples>
</component>