<?xml version="1.0"?>
<doc>
    <assembly>
        <name>AdvancedColorPicker</name>
    </assembly>
    <members>
        <member name="T:AdvancedColorPicker.ColorPickedEventArgs">
             <summary>
             The event arguments for a when a color is picked from a <see cref="T:AdvancedColorPicker.ColorPickerView" />.
             </summary>
            </member>
        <member name="M:AdvancedColorPicker.ColorPickedEventArgs.#ctor(UIKit.UIColor)">
             <summary>
             Initializes a new instance of the <see cref="T:AdvancedColorPicker.ColorPickedEventArgs" /> class.
             </summary>
             <param name="selectedColor">The initial selected color.</param>
            </member>
        <member name="P:AdvancedColorPicker.ColorPickedEventArgs.SelectedColor">
             <summary>
             Gets the color selected be the <see cref="T:AdvancedColorPicker.ColorPickerView" />.
             </summary>
             <value>The color.</value>
            </member>
        <member name="T:AdvancedColorPicker.ColorPickerView">
             <summary>
             The view that represents a color picker.
             </summary>
            </member>
        <member name="M:AdvancedColorPicker.ColorPickerView.#ctor">
             <summary>
             Initializes a new instance of the <see cref="T:AdvancedColorPicker.ColorPickerView" /> class.
             </summary>
            </member>
        <member name="M:AdvancedColorPicker.ColorPickerView.#ctor(CoreGraphics.CGRect)">
             <summary>
             Initializes a new instance of the <see cref="T:AdvancedColorPicker.ColorPickerView" /> class 
             with the specified frame.
             </summary>
             <param name="frame">The frame used by the view, expressed in iOS points.</param>
            </member>
        <member name="M:AdvancedColorPicker.ColorPickerView.#ctor(UIKit.UIColor)">
             <summary>
             Initializes a new instance of the <see cref="T:AdvancedColorPicker.ColorPickerView" /> class 
             with the specified initial selected color.
             </summary>
             <param name="color">The initial selected color.</param>
            </member>
        <member name="M:AdvancedColorPicker.ColorPickerView.Initialize">
             <summary>
             Initializes this instance.
             </summary>
            </member>
        <member name="P:AdvancedColorPicker.ColorPickerView.SelectedColor">
             <summary>
             Gets or sets the selected color.
             </summary>
             <value>The selected color.</value>
            </member>
        <member name="E:AdvancedColorPicker.ColorPickerView.ColorPicked">
             <summary>
             Occurs when the a color is selected.
             </summary>
            </member>
        <member name="M:AdvancedColorPicker.ColorPickerView.LayoutSubviews">
             <summary>
             Lays out subviews.
             </summary>
            </member>
        <member name="M:AdvancedColorPicker.ColorPickerView.OnColorPicked(AdvancedColorPicker.ColorPickedEventArgs)">
             <summary>
             Handles the <see cref="E:ColorPicked" /> event.
             </summary>
             <param name="e">The <see cref="T:AdvancedColorPicker.ColorPickedEventArgs" /> instance containing the event data.</param>
            </member>
        <member name="T:AdvancedColorPicker.ColorPickerViewController">
             <summary>
             The view controller that represents a color picker.
             </summary>
            </member>
        <member name="M:AdvancedColorPicker.ColorPickerViewController.#ctor">
             <summary>
             Initializes a new instance of the <see cref="T:AdvancedColorPicker.ColorPickerViewController" /> class.
             </summary>
            </member>
        <member name="M:AdvancedColorPicker.ColorPickerViewController.#ctor(System.nfloat,System.nfloat,System.nfloat)">
             <summary>
             Initializes a new instance of the <see cref="T:AdvancedColorPicker.ColorPickerViewController" /> class 
             with the specified initial selected hue, saturation and brightness.
             </summary>
             <param name="hue">The initial selected hue.</param>
             <param name="saturation">The initial selected saturation.</param>
             <param name="brightness">The initial selected brightness.</param>
            </member>
        <member name="M:AdvancedColorPicker.ColorPickerViewController.#ctor(UIKit.UIColor)">
             <summary>
             Initializes a new instance of the <see cref="T:AdvancedColorPicker.ColorPickerViewController" /> class 
             with the specified initial selected color.
             </summary>
             <param name="color">The initial selected color.</param>
            </member>
        <member name="M:AdvancedColorPicker.ColorPickerViewController.Initialize(UIKit.UIColor)">
             <summary>
             Initializes this instance with the specified color.
             </summary>
             <param name="color">The initial selected color.</param>
            </member>
        <member name="P:AdvancedColorPicker.ColorPickerViewController.SelectedColor">
             <summary>
             Gets or sets the selected color.
             </summary>
             <value>The selected color.</value>
            </member>
        <member name="E:AdvancedColorPicker.ColorPickerViewController.ColorPicked">
             <summary>
             Occurs when the a color is selected.
             </summary>
            </member>
        <member name="M:AdvancedColorPicker.ColorPickerViewController.LoadView">
             <summary>
             Initializes the <see cref="P:UIKit.UIViewController.View" /> property.
             </summary>
            </member>
        <member name="M:AdvancedColorPicker.ColorPickerViewController.GetSupportedInterfaceOrientations">
             <summary>
             The orientations supported by this <see cref="T:UIKit.UIViewController" />.
             </summary>
             <returns>A <see cref="T:UIKit.UIInterfaceOrientationMask" /> of the orientations supported by this <see cref="T:UIKit.UIViewController" />.</returns>
            </member>
        <member name="M:AdvancedColorPicker.ColorPickerViewController.ShouldAutorotateToInterfaceOrientation(UIKit.UIInterfaceOrientation)">
             <summary>
             If the <see cref="T:UIKit.UIViewController" /> supports rotation to the specified <see cref="T:UIKit.UIInterfaceOrientation" />.
             </summary>
             <param name="toInterfaceOrientation">The final <see cref="T:UIKit.UIInterfaceOrientation" />.</param>
             <returns><c>true</c> if the <see cref="T:UIKit.UIViewController" /> supports rotation to the specified <see cref="T:UIKit.UIInterfaceOrientation" />, <c>false</c> otherwise.</returns>
            </member>
        <member name="M:AdvancedColorPicker.ColorPickerViewController.ShouldAutorotate">
             <summary>
             Turns auto-rotation on or off.
             </summary>
             <returns><c>true</c> if the MonoTouch.UIKit.UIViewController should auto-rotate, <c>false</c> otherwise.</returns>
            </member>
        <member name="M:AdvancedColorPicker.ColorPickerViewController.Present(UIKit.UIViewController,System.String,UIKit.UIColor,System.Action{UIKit.UIColor})">
             <summary>
             Presents a new color picker.
             </summary>
             <param name="parent">The parent <see cref="T:UIKit.UIViewController" />.</param>
             <param name="title">The picker title.</param>
             <param name="initialColor">The initial selected color.</param>
             <param name="done">The method invoked when the picker closes.</param>
            </member>
        <member name="M:AdvancedColorPicker.ColorPickerViewController.Present(UIKit.UIViewController,System.String,UIKit.UIColor,System.Action{UIKit.UIColor},System.Action{UIKit.UIColor})">
             <summary>
             Presents a new color picker.
             </summary>
             <param name="parent">The parent <see cref="T:UIKit.UIViewController" />.</param>
             <param name="title">The picker title.</param>
             <param name="initialColor">The initial selected color.</param>
             <param name="done">The method invoked when the picker closes.</param>
             <param name="colorPicked">The method invoked as colors are picked.</param>
            </member>
        <member name="M:AdvancedColorPicker.ColorPickerViewController.PresentAsync(UIKit.UIViewController,System.String,UIKit.UIColor)">
             <summary>
             Presents a new color picker, and waits for the picker to close.
             </summary>
             <param name="parent">The parent <see cref="T:UIKit.UIViewController" />.</param>
             <param name="title">The picker title.</param>
             <param name="initialColor">The initial selected color.</param>
            </member>
        <member name="M:AdvancedColorPicker.ColorPickerViewController.PresentAsync(UIKit.UIViewController,System.String,UIKit.UIColor,System.Action{UIKit.UIColor})">
             <summary>
             Presents a new color picker, and waits for the picker to close.
             </summary>
             <param name="parent">The parent <see cref="T:UIKit.UIViewController" />.</param>
             <param name="title">The picker title.</param>
             <param name="initialColor">The initial selected color.</param>
             <param name="colorPicked">The method invoked as colors are picked.</param>
            </member>
    </members>
</doc>
